"tui", "TUI"
"riu", "RIU.COM"
codigo,nombre
booking,Booking.com
expedia,Expedia
tripadvisor,TripAdvisor
agoda,Agoda
hotels_com,Hotels.com
kayak,Kayak
skyscanner,Skyscanner
priceline,Priceline
orbitz,Orbitz
travelocity,Travelocity
edreams,eDreams
lastminute,Lastminute.com
logitravel,Logitravel
destinia,Destinia
rumbo,Rumbo
atrapalo,Atrápalo
viajes_el_corte_ingles,Viajes El Corte Inglés
b_the_travel_brand,B the travel brand
opodo,Opodo
govoyages,Govoyages
gotogate,Gotogate
kiwi_com,Kiwi.com
bravofly,Bravofly
volotea,Volotea
muchoviaje,Muchoviaje
despegar,Despegar
cheapoair,CheapOair
hotwire,Hotwire
almundo,Almundo
bestday,BestDay
cheaptickets,CheapTickets
vayama,Vayama
viajanet,ViajaNet
pricetravel,PriceTravel
trip_com,Trip.com
makemytrip,MakeMyTrip
rakuten_travel,Rakuten Travel
traveloka,Traveloka
tiket_com,Tiket.com
fliggy,Fliggy
airbnb,Airbnb
vrbo,Vrbo
splendia,Splendia
mr_and_mrs_smith,Mr & Mrs Smith
tablet_hotels,Tablet Hotels
housetrip,Housetrip
trivago,Trivago
momondo,Momondo
google_travel,Google Travel
jetcost,Jetcost
liligo,Liligo
cheapflights,Cheapflights
amoma,Amoma
bookingbuddy,BookingBuddy
onetravel,OneTravel
faregeek,Faregeek
smartfares,SmartFares
exploretrip,ExploreTrip
flightnetwork,FlightNetwork
mytrip,Mytrip.com
seat24,Seat24
travelgenio,Travelgenio
travel2be,Travel2be
budgetair,BudgetAir
vueling,Vueling
flugladen,Flugladen
cheaptickets_de,Cheaptickets.de
vliegwinkel,Vliegwinkel
super_com,Super.com
hopper,Hopper
ostrovok,Ostrovok
wotif,Wotif
mrjet,MrJet
zuji,Zuji
yatra,Yatra
cleartrip,Cleartrip
rehlat,Rehlat
tajawal,Tajawal
musafir,Musafir
ebookers,Ebookers
holidaypirates,HolidayPirates
secret_escapes,Secret Escapes
voyage_prive,Voyage Privé
weekendesk,Weekendesk
busbud,Busbud
omio,Omio
trainline,Trainline
klook,Klook
getyourguide,GetYourGuide
viator,Viator
civitatis,Civitatis
tiqets,Tiqets
musement,Musement
cruceros_es,Cruceros.es
solocruceros,SoloCruceros
evacaciones,E-vacaciones
central_de_reservas,Central de Reservas
nautalia,Nautalia Viajes
halcon_viajes,Halcón Viajes
zafiro_tours,Zafiro Tours